title,genre,year,runtime_minutes,budget_millions,box_office_millions,rating,imdb_score,studio,director_experience_years,num_theaters,profit_millions,roi_percentage
Movie 1,Thriller,2021,105,100,299,NC-17,6.2,Fox,19,4015,199,199.0
Movie 2,Horror,2012,141,231,882,PG,6.9,A24,22,2830,651,281.82
Movie 3,Animation,2022,83,43,164,R,7.7,Fox,15,2859,121,281.4
Movie 4,Sci-Fi,2021,168,33,77,PG,8.0,Universal,4,1245,44,133.33
Movie 5,Thriller,2015,121,249,701,R,8.2,Paramount,28,4106,452,181.53
Movie 6,Drama,2016,168,240,486,R,5.3,Sony,12,2188,246,102.5
Movie 7,Thriller,2020,97,189,753,PG,4.2,Lionsgate,6,776,564,298.41
Movie 8,Animation,2019,119,276,1090,PG-13,7.7,Sony,19,560,814,294.93
Movie 9,Sci-Fi,2019,151,240,749,G,4.5,Sony,4,3890,509,212.08
Movie 10,Horror,2012,118,243,853,NC-17,5.6,Warner Bros,15,2413,610,251.03
Movie 11,Animation,2016,93,270,887,R,4.0,Universal,9,2599,617,228.52
Movie 12,Animation,2023,111,69,205,NC-17,7.4,A24,5,4427,136,197.1
Movie 13,Drama,2012,130,181,295,PG,4.8,A24,13,2700,114,62.98
Movie 14,Romance,2022,117,7,18,NC-17,7.3,Lionsgate,23,2272,11,157.14
Movie 15,Sci-Fi,2022,176,146,465,PG,9.0,Paramount,26,1834,319,218.49
Movie 16,Comedy,2011,102,162,517,NC-17,4.4,Warner Bros,18,2337,355,219.14
Movie 17,Animation,2021,142,150,364,G,4.4,Disney,5,3091,214,142.67
Movie 18,Romance,2023,94,297,1144,G,5.7,Paramount,25,1066,847,285.19
Movie 19,Comedy,2019,176,157,301,G,8.3,Fox,16,4435,144,91.72
Movie 20,Sci-Fi,2013,104,197,541,G,5.1,Paramount,27,3960,344,174.62
Movie 21,Action,2021,96,77,248,G,5.8,Paramount,19,2071,171,222.08
Movie 22,Romance,2017,176,144,466,G,4.3,Sony,14,1121,322,223.61
Movie 23,Documentary,2022,145,191,596,PG,7.8,Paramount,25,2525,405,212.04
Movie 24,Action,2018,157,297,649,R,6.0,A24,16,1700,352,118.52
Movie 25,Drama,2016,132,65,122,NC-17,7.8,Fox,27,3933,57,87.69
Movie 26,Thriller,2010,130,202,624,G,8.5,Fox,15,813,422,208.91
Movie 27,Horror,2012,118,299,896,PG,5.2,Universal,22,3354,597,199.67
Movie 28,Documentary,2022,130,15,29,PG,8.0,Paramount,4,3395,14,93.33
Movie 29,Drama,2021,149,66,215,PG,4.3,Sony,7,2644,149,225.76
Movie 30,Sci-Fi,2023,85,230,606,R,8.5,Paramount,16,3428,376,163.48
Movie 31,Drama,2018,146,157,497,NC-17,7.3,Disney,24,1736,340,216.56
Movie 32,Thriller,2021,86,203,729,R,8.4,Disney,22,3376,526,259.11
Movie 33,Sci-Fi,2010,130,56,107,PG-13,4.0,Sony,21,636,51,91.07
Movie 34,Documentary,2018,151,264,408,PG,4.8,Universal,22,1529,144,54.55
Movie 35,Thriller,2017,121,63,217,PG-13,5.9,Universal,21,3558,154,244.44
Movie 36,Comedy,2010,143,76,229,G,5.9,Fox,8,2656,153,201.32
Movie 37,Horror,2015,94,152,493,G,5.1,Fox,17,3094,341,224.34
Movie 38,Documentary,2014,108,67,240,R,5.9,Warner Bros,16,3610,173,258.21
Movie 39,Comedy,2015,112,247,866,NC-17,4.6,Sony,27,1161,619,250.61
Movie 40,Documentary,2019,173,111,433,PG-13,6.1,Paramount,23,2972,322,290.09
Movie 41,Sci-Fi,2021,106,230,653,NC-17,8.0,Lionsgate,10,3177,423,183.91
Movie 42,Comedy,2022,115,222,604,R,6.4,Sony,10,2808,382,172.07
Movie 43,Horror,2022,108,245,613,G,4.1,Warner Bros,27,3997,368,150.2
Movie 44,Thriller,2022,117,263,495,NC-17,6.1,Fox,2,586,232,88.21
Movie 45,Animation,2014,136,266,779,NC-17,4.1,Sony,9,3012,513,192.86
Movie 46,Drama,2015,176,9,19,G,8.8,Sony,17,2623,10,111.11
Movie 47,Action,2014,106,265,1007,PG-13,4.6,Fox,11,3018,742,280.0
Movie 48,Horror,2020,134,58,171,G,7.5,A24,10,2961,113,194.83
Movie 49,Comedy,2021,112,51,152,NC-17,8.9,Warner Bros,22,3372,101,198.04
Movie 50,Animation,2014,147,219,522,PG-13,8.1,Fox,25,3442,303,138.36
Movie 51,Horror,2013,165,181,295,PG-13,7.5,Universal,17,3273,114,62.98
Movie 52,Comedy,2012,145,13,20,G,8.2,Paramount,4,3004,7,53.85
Movie 53,Romance,2012,89,103,263,NC-17,8.9,Fox,16,1808,160,155.34
Movie 54,Romance,2013,84,24,41,R,7.1,Warner Bros,20,3810,17,70.83
Movie 55,Horror,2018,153,245,739,NC-17,6.8,Disney,15,2200,494,201.63
Movie 56,Romance,2011,176,65,240,PG,7.1,Universal,25,4170,175,269.23
Movie 57,Comedy,2018,117,182,674,R,6.7,Disney,27,3200,492,270.33
Movie 58,Comedy,2010,92,66,207,PG-13,7.2,Lionsgate,21,3219,141,213.64
Movie 59,Horror,2023,110,149,302,R,6.2,Fox,5,4129,153,102.68
Movie 60,Animation,2010,126,220,804,PG-13,5.1,Universal,6,3943,584,265.45
Movie 61,Thriller,2014,179,7,26,PG-13,4.6,Paramount,17,994,19,271.43
Movie 62,Documentary,2015,167,164,326,R,4.3,Fox,1,2147,162,98.78
Movie 63,Animation,2015,131,231,772,PG-13,5.3,Paramount,25,2442,541,234.2
Movie 64,Sci-Fi,2012,135,273,605,PG-13,4.2,A24,19,1568,332,121.61
Movie 65,Comedy,2016,94,124,434,PG,6.8,Sony,4,1924,310,250.0
Movie 66,Sci-Fi,2018,108,93,371,NC-17,5.4,Disney,17,3818,278,298.92
Movie 67,Animation,2020,87,72,113,NC-17,8.1,Universal,9,4187,41,56.94
Movie 68,Documentary,2021,84,102,381,PG,4.4,Paramount,24,1096,279,273.53
Movie 69,Documentary,2019,108,271,828,R,5.1,Warner Bros,2,949,557,205.54
Movie 70,Action,2017,126,109,428,G,7.7,Paramount,8,984,319,292.66
Movie 71,Documentary,2015,147,127,338,G,7.0,Warner Bros,15,1145,211,166.14
Movie 72,Thriller,2021,155,33,119,G,4.3,Fox,7,3167,86,260.61
Movie 73,Documentary,2017,124,141,233,PG,8.4,Universal,27,3589,92,65.25
Movie 74,Animation,2021,81,199,465,PG,8.4,Paramount,6,2129,266,133.67
Movie 75,Action,2014,106,230,383,PG-13,5.7,Lionsgate,1,1161,153,66.52
Movie 76,Animation,2017,174,174,685,G,5.7,Paramount,15,1257,511,293.68
Movie 77,Animation,2019,115,13,46,R,8.9,A24,23,788,33,253.85
Movie 78,Drama,2021,115,44,159,R,7.1,Lionsgate,26,3985,115,261.36
Movie 79,Action,2013,105,29,111,G,6.7,Universal,7,1220,82,282.76
Movie 80,Animation,2019,122,265,453,G,8.2,A24,29,1137,188,70.94
Movie 81,Drama,2017,106,230,566,G,5.4,Paramount,25,2782,336,146.09
Movie 82,Drama,2019,148,128,214,PG,6.1,Warner Bros,17,2963,86,67.19
Movie 83,Action,2021,99,42,85,PG,5.3,Paramount,2,3485,43,102.38
Movie 84,Sci-Fi,2011,90,255,528,PG,7.9,Disney,27,998,273,107.06
Movie 85,Thriller,2021,153,180,481,NC-17,6.9,Fox,9,3521,301,167.22
Movie 86,Documentary,2021,117,94,204,R,7.3,Sony,29,1133,110,117.02
Movie 87,Thriller,2014,85,41,71,R,5.3,Warner Bros,9,2173,30,73.17
Movie 88,Documentary,2018,151,180,345,PG-13,5.1,Disney,13,2530,165,91.67
Movie 89,Animation,2013,102,288,538,PG,6.4,Lionsgate,6,3567,250,86.81
Movie 90,Comedy,2020,126,85,334,NC-17,7.7,Fox,6,614,249,292.94
Movie 91,Action,2015,169,118,400,NC-17,6.6,Universal,20,3479,282,238.98
Movie 92,Thriller,2010,125,44,172,R,4.2,Warner Bros,20,1173,128,290.91
Movie 93,Thriller,2018,91,228,592,PG,8.3,Sony,21,2236,364,159.65
Movie 94,Animation,2010,169,119,261,PG-13,4.3,Fox,3,1757,142,119.33
Movie 95,Sci-Fi,2014,92,190,664,PG,8.8,Lionsgate,17,4111,474,249.47
Movie 96,Drama,2013,141,60,138,G,4.1,A24,17,3582,78,130.0
Movie 97,Animation,2022,161,44,98,PG,7.5,A24,12,2753,54,122.73
Movie 98,Romance,2021,168,44,91,G,4.4,Sony,16,4250,47,106.82
Movie 99,Drama,2022,176,241,439,G,8.6,Universal,15,2794,198,82.16
Movie 100,Action,2022,139,293,627,PG-13,6.3,Universal,13,4130,334,113.99
Movie 101,Drama,2023,122,266,635,R,4.7,Lionsgate,23,3305,369,138.72
Movie 102,Sci-Fi,2012,155,220,700,PG,5.7,Warner Bros,1,3698,480,218.18
Movie 103,Drama,2022,179,151,250,G,4.8,Lionsgate,17,646,99,65.56
Movie 104,Action,2015,147,172,348,PG,4.9,Paramount,3,2665,176,102.33
Movie 105,Sci-Fi,2011,84,96,338,R,8.7,Universal,26,4482,242,252.08
Movie 106,Thriller,2012,116,63,117,R,6.2,Fox,15,3953,54,85.71
Movie 107,Thriller,2014,151,63,148,NC-17,7.9,Paramount,4,911,85,134.92
Movie 108,Documentary,2018,171,173,633,R,7.2,A24,4,2187,460,265.9
Movie 109,Drama,2011,110,273,515,PG-13,7.4,A24,18,4155,242,88.64
Movie 110,Thriller,2019,88,49,83,G,4.7,Disney,17,2910,34,69.39
Movie 111,Action,2017,130,185,501,NC-17,5.2,Sony,19,2032,316,170.81
Movie 112,Horror,2023,108,174,392,PG-13,7.9,Paramount,11,636,218,125.29
Movie 113,Horror,2011,157,195,567,PG,8.9,Sony,20,3746,372,190.77
Movie 114,Sci-Fi,2020,119,159,558,G,5.3,Lionsgate,3,3860,399,250.94
Movie 115,Thriller,2022,120,192,353,R,5.4,Paramount,8,3505,161,83.85
Movie 116,Thriller,2014,165,11,32,G,6.4,Lionsgate,14,4052,21,190.91
Movie 117,Horror,2016,90,137,378,PG,8.9,Disney,26,518,241,175.91
Movie 118,Thriller,2017,102,239,444,NC-17,5.3,Universal,1,2742,205,85.77
Movie 119,Drama,2010,80,49,149,NC-17,6.0,A24,14,2877,100,204.08
Movie 120,Romance,2015,125,253,552,NC-17,8.5,Disney,2,2459,299,118.18
Movie 121,Comedy,2010,100,35,95,R,4.0,A24,29,2722,60,171.43
Movie 122,Documentary,2011,169,27,46,PG-13,4.2,Universal,23,1501,19,70.37
Movie 123,Sci-Fi,2010,115,164,434,PG-13,7.0,Lionsgate,4,948,270,164.63
Movie 124,Romance,2020,133,162,367,G,8.5,Universal,24,2448,205,126.54
Movie 125,Horror,2014,166,43,152,R,5.2,A24,27,1445,109,253.49
Movie 126,Thriller,2019,136,86,141,NC-17,6.3,A24,29,1877,55,63.95
Movie 127,Documentary,2018,80,262,667,NC-17,6.3,Sony,19,2022,405,154.58
Movie 128,Thriller,2015,142,210,555,PG,6.4,Fox,6,640,345,164.29
Movie 129,Action,2020,133,81,268,PG,7.1,Disney,25,3305,187,230.86
Movie 130,Action,2020,134,16,46,NC-17,6.3,Paramount,1,2420,30,187.5
Movie 131,Documentary,2010,119,299,947,NC-17,6.2,A24,17,3477,648,216.72
Movie 132,Documentary,2022,94,228,784,R,6.4,Disney,8,592,556,243.86
Movie 133,Horror,2010,100,17,62,PG-13,7.0,Sony,19,738,45,264.71
Movie 134,Documentary,2011,126,50,114,PG,6.7,Universal,21,704,64,128.0
Movie 135,Drama,2018,152,159,452,PG-13,8.3,Sony,1,3107,293,184.28
Movie 136,Thriller,2012,132,117,421,R,4.2,Warner Bros,5,1956,304,259.83
Movie 137,Romance,2010,88,237,941,NC-17,8.2,Warner Bros,27,744,704,297.05
Movie 138,Animation,2014,153,21,78,PG-13,8.2,Paramount,16,1331,57,271.43
Movie 139,Documentary,2016,131,227,551,NC-17,5.4,Sony,6,3888,324,142.73
Movie 140,Sci-Fi,2015,136,192,381,NC-17,6.3,Lionsgate,8,3472,189,98.44
Movie 141,Action,2021,105,167,454,G,6.2,Paramount,13,794,287,171.86
Movie 142,Drama,2010,120,78,261,PG-13,5.1,Lionsgate,16,3187,183,234.62
Movie 143,Animation,2014,114,237,647,PG-13,6.0,Paramount,3,1355,410,173.0
Movie 144,Romance,2014,142,228,617,NC-17,4.2,Warner Bros,19,3853,389,170.61
Movie 145,Animation,2015,104,64,230,R,5.4,Paramount,12,2564,166,259.38
Movie 146,Documentary,2012,169,226,543,G,8.1,Warner Bros,16,570,317,140.27
Movie 147,Horror,2014,154,41,149,NC-17,5.4,A24,27,1792,108,263.41
Movie 148,Action,2016,117,282,709,PG,8.1,Universal,11,1848,427,151.42
Movie 149,Action,2014,81,200,464,PG,6.7,Lionsgate,10,4365,264,132.0
Movie 150,Horror,2014,86,246,648,G,8.4,Sony,25,804,402,163.41
Movie 151,Thriller,2014,161,223,759,R,6.9,A24,20,4022,536,240.36
Movie 152,Comedy,2019,170,196,355,NC-17,4.1,A24,4,1530,159,81.12
Movie 153,Drama,2019,113,21,41,PG-13,7.4,Paramount,12,1837,20,95.24
Movie 154,Action,2012,170,16,62,G,4.2,Warner Bros,23,1316,46,287.5
Movie 155,Sci-Fi,2010,96,197,381,R,6.3,Disney,2,1626,184,93.4
Movie 156,Action,2014,122,26,75,PG-13,8.6,Lionsgate,24,1320,49,188.46
Movie 157,Animation,2023,138,124,365,PG,4.8,A24,22,692,241,194.35
Movie 158,Action,2018,130,214,582,PG,5.9,Paramount,19,2276,368,171.96
Movie 159,Action,2023,133,274,852,PG-13,7.6,Fox,25,4145,578,210.95
Movie 160,Comedy,2010,103,196,406,G,8.4,Universal,5,1028,210,107.14
Movie 161,Comedy,2012,104,179,515,PG,7.4,Universal,8,2718,336,187.71
Movie 162,Romance,2022,150,289,702,NC-17,5.3,Disney,7,4108,413,142.91
Movie 163,Thriller,2022,131,208,656,PG-13,7.4,Warner Bros,14,750,448,215.38
Movie 164,Sci-Fi,2013,149,168,311,PG-13,5.5,Paramount,24,2288,143,85.12
Movie 165,Action,2023,167,255,746,PG,7.6,Lionsgate,23,3958,491,192.55
Movie 166,Action,2010,112,231,453,G,8.8,Warner Bros,3,3778,222,96.1
Movie 167,Drama,2010,128,11,24,NC-17,7.6,Universal,18,3088,13,118.18
Movie 168,Comedy,2017,108,33,67,G,8.3,Warner Bros,16,4200,34,103.03
Movie 169,Sci-Fi,2011,142,37,72,R,4.0,Universal,23,2526,35,94.59
Movie 170,Romance,2021,101,138,491,R,7.6,Warner Bros,19,2963,353,255.8
Movie 171,Thriller,2017,105,83,183,PG,8.1,Disney,19,3341,100,120.48
Movie 172,Horror,2016,107,62,236,PG,4.2,Sony,18,1903,174,280.65
Movie 173,Thriller,2019,164,30,117,PG,8.4,Disney,20,1667,87,290.0
Movie 174,Animation,2019,128,230,673,R,5.3,Disney,16,2572,443,192.61
Movie 175,Action,2011,150,289,536,G,7.3,Sony,8,4393,247,85.47
Movie 176,Romance,2015,160,8,19,G,8.0,Sony,28,3215,11,137.5
Movie 177,Animation,2015,163,103,359,PG,7.3,A24,1,1596,256,248.54
Movie 178,Sci-Fi,2012,128,43,103,NC-17,4.5,A24,17,3179,60,139.53
Movie 179,Horror,2020,99,275,472,G,7.0,Paramount,12,2347,197,71.64
Movie 180,Comedy,2011,165,289,835,R,6.7,Lionsgate,21,4404,546,188.93
Movie 181,Romance,2021,171,161,581,PG-13,8.5,Lionsgate,11,3664,420,260.87
Movie 182,Romance,2010,142,79,275,PG-13,6.0,Paramount,5,1004,196,248.1
Movie 183,Action,2015,140,292,565,PG-13,5.6,Disney,27,2121,273,93.49
Movie 184,Documentary,2021,128,134,426,NC-17,7.7,Disney,12,2883,292,217.91
Movie 185,Romance,2014,150,179,367,PG,6.1,Universal,17,2972,188,105.03
Movie 186,Drama,2023,80,88,180,R,7.2,Universal,6,3046,92,104.55
Movie 187,Horror,2023,175,26,95,NC-17,7.2,Lionsgate,1,1887,69,265.38
Movie 188,Horror,2020,92,31,65,R,8.4,Paramount,5,3494,34,109.68
Movie 189,Drama,2018,173,199,429,R,7.0,Fox,25,3177,230,115.58
Movie 190,Drama,2010,166,240,360,PG,6.5,A24,28,4316,120,50.0
Movie 191,Drama,2016,130,96,352,PG-13,4.7,Fox,14,1722,256,266.67
Movie 192,Horror,2014,135,25,87,PG,4.6,Paramount,5,1217,62,248.0
Movie 193,Thriller,2014,162,88,270,NC-17,4.8,Universal,22,3984,182,206.82
Movie 194,Horror,2023,141,266,897,NC-17,4.9,Lionsgate,24,838,631,237.22
Movie 195,Documentary,2011,111,151,283,NC-17,7.2,Lionsgate,27,1158,132,87.42
Movie 196,Action,2020,109,261,690,PG,7.7,Universal,1,1461,429,164.37
Movie 197,Animation,2012,108,62,147,R,6.6,Fox,18,928,85,137.1
Movie 198,Thriller,2016,128,19,32,R,8.1,Warner Bros,16,4354,13,68.42
Movie 199,Comedy,2015,124,166,450,G,9.0,Warner Bros,9,1398,284,171.08
Movie 200,Animation,2021,172,167,634,NC-17,8.1,Universal,19,638,467,279.64
Movie 201,Action,2011,109,285,456,R,7.5,Warner Bros,22,4264,171,60.0
Movie 202,Documentary,2015,95,284,632,G,6.7,Sony,5,3489,348,122.54
Movie 203,Documentary,2011,119,16,32,R,6.2,Paramount,27,1041,16,100.0
Movie 204,Comedy,2011,98,278,582,NC-17,4.4,Paramount,2,2604,304,109.35
Movie 205,Thriller,2011,97,275,1037,PG-13,6.0,Universal,15,1755,762,277.09
Movie 206,Drama,2023,80,212,566,NC-17,8.6,Disney,7,3205,354,166.98
Movie 207,Thriller,2020,157,31,82,PG,8.0,A24,4,2982,51,164.52
Movie 208,Documentary,2012,126,76,258,R,5.1,Fox,1,883,182,239.47
Movie 209,Horror,2011,145,64,120,R,6.3,Universal,13,3107,56,87.5
Movie 210,Action,2013,171,149,405,PG,8.1,Warner Bros,20,693,256,171.81
Movie 211,Comedy,2018,173,97,249,PG,4.3,Fox,22,4307,152,156.7
Movie 212,Action,2015,117,12,35,PG-13,5.9,Disney,7,4219,23,191.67
Movie 213,Sci-Fi,2010,130,83,331,R,8.3,Warner Bros,15,3081,248,298.8
Movie 214,Sci-Fi,2017,142,31,106,R,6.0,Lionsgate,23,3065,75,241.94
Movie 215,Thriller,2021,83,178,444,PG-13,4.4,A24,14,3263,266,149.44
Movie 216,Documentary,2023,80,54,192,G,6.7,Sony,23,3298,138,255.56
Movie 217,Documentary,2016,87,203,391,PG-13,8.3,Warner Bros,19,2732,188,92.61
Movie 218,Drama,2019,108,185,291,NC-17,7.0,Sony,22,2395,106,57.3
Movie 219,Drama,2012,134,28,56,R,5.1,Fox,29,2839,28,100.0
Movie 220,Drama,2010,82,50,117,PG,5.9,Sony,24,3906,67,134.0
Movie 221,Horror,2014,111,19,52,NC-17,6.3,Fox,20,1231,33,173.68
Movie 222,Animation,2022,89,157,476,R,6.9,Fox,29,2663,319,203.18
Movie 223,Romance,2013,153,226,853,PG-13,7.8,Fox,24,3372,627,277.43
Movie 224,Animation,2019,162,210,582,NC-17,4.5,Fox,18,3620,372,177.14
Movie 225,Action,2017,113,277,762,R,8.4,Fox,10,1184,485,175.09
Movie 226,Animation,2010,176,240,390,G,4.1,Warner Bros,9,581,150,62.5
Movie 227,Horror,2019,166,232,368,G,5.9,Fox,25,3381,136,58.62
Movie 228,Action,2010,134,13,37,PG,4.1,Warner Bros,8,2880,24,184.62
Movie 229,Animation,2021,171,170,441,R,6.0,Fox,26,3104,271,159.41
Movie 230,Horror,2013,111,218,784,G,6.6,Sony,29,2882,566,259.63
Movie 231,Romance,2017,129,121,230,PG-13,6.6,Lionsgate,10,1031,109,90.08
Movie 232,Animation,2014,86,76,118,R,4.8,Fox,17,2483,42,55.26
Movie 233,Horror,2011,172,68,178,PG-13,7.2,Disney,2,720,110,161.76
Movie 234,Drama,2015,87,209,437,PG-13,4.2,Fox,6,1134,228,109.09
Movie 235,Documentary,2014,144,213,345,G,7.8,Fox,26,2269,132,61.97
Movie 236,Drama,2011,136,76,251,R,8.7,Sony,5,4304,175,230.26
Movie 237,Documentary,2022,146,281,499,NC-17,5.7,A24,28,2870,218,77.58
Movie 238,Comedy,2023,167,278,839,G,6.6,Paramount,9,2374,561,201.8
Movie 239,Comedy,2020,166,99,218,G,5.9,Sony,5,502,119,120.2
Movie 240,Comedy,2020,138,170,328,R,4.0,Disney,18,2217,158,92.94
Movie 241,Romance,2020,151,36,88,R,5.9,Paramount,26,705,52,144.44
Movie 242,Drama,2012,133,15,52,PG-13,8.0,Universal,20,2355,37,246.67
Movie 243,Documentary,2018,146,221,548,R,7.0,Universal,9,539,327,147.96
Movie 244,Horror,2016,130,293,989,PG-13,4.5,A24,17,2606,696,237.54
Movie 245,Action,2016,176,106,192,G,8.2,Disney,27,3498,86,81.13
Movie 246,Horror,2020,171,271,930,PG,6.7,Sony,17,3121,659,243.17
Movie 247,Action,2015,87,218,456,NC-17,8.2,Warner Bros,12,1143,238,109.17
Movie 248,Sci-Fi,2017,113,183,584,G,6.9,Disney,7,2030,401,219.13
Movie 249,Horror,2013,114,92,268,R,6.8,Lionsgate,27,4143,176,191.3
Movie 250,Animation,2017,175,45,172,NC-17,4.5,Paramount,3,2407,127,282.22
Movie 251,Animation,2013,167,80,197,PG,4.8,Paramount,10,3390,117,146.25
Movie 252,Thriller,2017,157,50,83,PG,8.9,Fox,2,3693,33,66.0
Movie 253,Drama,2018,111,164,253,PG-13,5.1,Universal,25,4050,89,54.27
Movie 254,Action,2012,125,84,299,NC-17,8.9,A24,3,3166,215,255.95
Movie 255,Action,2012,95,90,253,PG-13,6.7,Paramount,16,2643,163,181.11
Movie 256,Drama,2020,147,96,330,G,4.7,Disney,2,4430,234,243.75
Movie 257,Romance,2022,116,152,317,NC-17,4.5,Paramount,28,3985,165,108.55
Movie 258,Thriller,2011,133,165,389,G,5.0,A24,24,3806,224,135.76
Movie 259,Romance,2022,164,206,324,PG-13,8.6,A24,10,1397,118,57.28
Movie 260,Romance,2019,93,246,960,NC-17,6.1,A24,6,1585,714,290.24
Movie 261,Romance,2012,174,6,19,PG-13,6.0,Disney,22,1779,13,216.67
Movie 262,Drama,2012,134,229,877,NC-17,5.6,Warner Bros,26,3108,648,282.97
Movie 263,Romance,2014,127,293,633,PG-13,4.7,Fox,11,3452,340,116.04
Movie 264,Animation,2014,161,237,717,PG,6.4,Universal,23,2895,480,202.53
Movie 265,Comedy,2011,86,81,258,PG-13,4.7,Paramount,7,1170,177,218.52
Movie 266,Sci-Fi,2021,153,120,275,PG,8.2,Disney,27,3695,155,129.17
Movie 267,Action,2019,86,158,572,PG-13,5.9,Sony,29,2005,414,262.03
Movie 268,Action,2022,112,107,413,NC-17,5.9,Universal,15,2864,306,285.98
Movie 269,Sci-Fi,2015,102,198,735,NC-17,6.4,Warner Bros,6,4075,537,271.21
Movie 270,Drama,2014,164,170,569,NC-17,6.2,Disney,20,1218,399,234.71
Movie 271,Horror,2015,98,94,206,R,9.0,Lionsgate,27,1571,112,119.15
Movie 272,Drama,2010,98,178,392,G,6.7,Lionsgate,9,3980,214,120.22
Movie 273,Action,2014,115,126,492,NC-17,4.4,Fox,22,2455,366,290.48
Movie 274,Action,2018,108,147,224,PG,7.0,Fox,20,1659,77,52.38
Movie 275,Sci-Fi,2021,139,110,361,NC-17,4.8,Warner Bros,12,3772,251,228.18
Movie 276,Romance,2019,161,127,414,R,4.2,Warner Bros,19,749,287,225.98
Movie 277,Drama,2023,81,13,39,PG,8.9,Fox,20,2861,26,200.0
Movie 278,Documentary,2011,80,266,1057,R,7.9,Paramount,3,2392,791,297.37
Movie 279,Sci-Fi,2010,126,77,175,PG,8.9,Paramount,15,3939,98,127.27
Movie 280,Animation,2023,148,227,533,PG-13,6.4,Disney,2,4000,306,134.8
Movie 281,Action,2019,99,45,76,G,6.7,Sony,21,2353,31,68.89
Movie 282,Sci-Fi,2022,90,208,542,G,4.8,Disney,2,3354,334,160.58
Movie 283,Drama,2020,81,268,576,R,5.2,Sony,22,2003,308,114.93
Movie 284,Action,2018,146,182,429,G,8.2,Warner Bros,3,3885,247,135.71
Movie 285,Horror,2019,166,88,315,R,5.8,Universal,6,4071,227,257.95
Movie 286,Sci-Fi,2018,91,115,441,R,8.1,Disney,15,4292,326,283.48
Movie 287,Thriller,2018,99,255,500,R,7.5,Disney,27,3926,245,96.08
Movie 288,Action,2015,84,11,26,G,4.9,Sony,10,3032,15,136.36
Movie 289,Drama,2017,116,88,336,R,6.5,A24,9,1734,248,281.82
Movie 290,Comedy,2023,117,212,350,G,7.4,Warner Bros,1,4275,138,65.09
Movie 291,Documentary,2020,173,26,45,R,5.2,Warner Bros,16,543,19,73.08
Movie 292,Romance,2022,88,7,13,NC-17,8.2,Lionsgate,6,4112,6,85.71
Movie 293,Drama,2010,177,131,391,R,6.7,A24,9,3118,260,198.47
Movie 294,Animation,2019,132,192,360,PG,4.8,Sony,27,1082,168,87.5
Movie 295,Animation,2013,123,18,70,R,6.9,Warner Bros,4,3663,52,288.89
Movie 296,Comedy,2010,178,16,41,PG-13,9.0,A24,27,1788,25,156.25
Movie 297,Romance,2017,165,91,250,R,4.8,Fox,28,3442,159,174.73
Movie 298,Thriller,2010,103,16,33,PG,8.1,A24,2,719,17,106.25
Movie 299,Comedy,2012,160,29,77,PG,5.0,Paramount,29,2425,48,165.52
Movie 300,Comedy,2022,153,247,779,G,7.9,Lionsgate,4,3472,532,215.38
Movie 301,Action,2013,109,126,425,NC-17,7.7,Fox,1,4013,299,237.3
Movie 302,Animation,2017,138,151,511,R,5.5,Universal,19,2948,360,238.41
Movie 303,Action,2015,166,59,173,G,5.6,Disney,26,3971,114,193.22
Movie 304,Documentary,2023,175,242,910,NC-17,8.0,Lionsgate,25,3274,668,276.03
Movie 305,Romance,2019,160,177,627,R,6.3,Universal,10,1490,450,254.24
Movie 306,Thriller,2021,160,225,763,PG-13,7.7,Disney,21,3446,538,239.11
Movie 307,Thriller,2016,93,123,201,R,4.7,Paramount,15,2312,78,63.41
Movie 308,Drama,2023,88,187,283,PG,8.3,A24,27,4147,96,51.34
Movie 309,Comedy,2017,119,292,593,PG,7.6,Warner Bros,22,1357,301,103.08
Movie 310,Documentary,2011,145,86,271,PG-13,8.5,Fox,19,1303,185,215.12
Movie 311,Animation,2022,104,215,543,G,4.7,Sony,16,989,328,152.56
Movie 312,Thriller,2019,152,154,385,NC-17,7.0,Fox,21,4056,231,150.0
Movie 313,Documentary,2023,101,41,152,R,7.0,Paramount,27,2280,111,270.73
Movie 314,Horror,2020,83,63,235,PG,5.8,Universal,24,1993,172,273.02
Movie 315,Horror,2017,105,135,509,G,6.3,Sony,22,4145,374,277.04
Movie 316,Action,2012,137,206,470,PG-13,4.2,Warner Bros,4,3485,264,128.16
Movie 317,Animation,2016,108,247,797,PG,7.7,Paramount,2,3391,550,222.67
Movie 318,Drama,2012,177,39,84,PG-13,6.7,Sony,25,2205,45,115.38
Movie 319,Thriller,2016,166,97,191,R,4.3,Paramount,13,4016,94,96.91
Movie 320,Comedy,2023,116,211,413,NC-17,7.4,A24,28,3840,202,95.73
Movie 321,Comedy,2020,154,217,511,PG,6.3,Paramount,1,2814,294,135.48
Movie 322,Thriller,2021,149,163,419,PG,4.2,Warner Bros,17,553,256,157.06
Movie 323,Romance,2022,97,28,100,R,8.8,Lionsgate,13,3075,72,257.14
Movie 324,Drama,2011,164,297,534,G,8.7,Disney,4,4091,237,79.8
Movie 325,Documentary,2019,121,8,26,NC-17,6.6,Sony,7,1115,18,225.0
Movie 326,Romance,2015,179,224,633,PG,4.5,A24,17,1582,409,182.59
Movie 327,Romance,2012,120,24,53,NC-17,7.8,Warner Bros,9,2348,29,120.83
Movie 328,Action,2012,117,156,426,PG,6.5,Paramount,4,3611,270,173.08
Movie 329,Horror,2018,113,54,121,NC-17,5.5,A24,19,3808,67,124.07
Movie 330,Romance,2016,96,181,541,PG-13,6.5,Warner Bros,1,1454,360,198.9
Movie 331,Romance,2014,116,100,258,PG,6.6,Lionsgate,10,2933,158,158.0
Movie 332,Sci-Fi,2021,104,109,208,NC-17,6.8,A24,4,2129,99,90.83
Movie 333,Action,2019,155,254,455,G,6.2,A24,9,3281,201,79.13
Movie 334,Animation,2016,166,121,346,PG-13,7.0,Disney,13,3263,225,185.95
Movie 335,Sci-Fi,2018,165,232,871,PG-13,8.6,Fox,14,1149,639,275.43
Movie 336,Sci-Fi,2010,164,70,165,G,5.8,Sony,10,2847,95,135.71
Movie 337,Thriller,2016,106,266,886,NC-17,7.6,Disney,6,894,620,233.08
Movie 338,Horror,2015,136,299,940,R,8.5,Universal,16,3778,641,214.38
Movie 339,Romance,2019,110,247,945,G,6.3,Sony,6,1859,698,282.59
Movie 340,Horror,2023,85,190,674,NC-17,6.2,Disney,17,3140,484,254.74
Movie 341,Drama,2021,170,250,729,G,7.0,Paramount,10,4301,479,191.6
Movie 342,Thriller,2018,119,129,405,G,7.0,Sony,18,3061,276,213.95
Movie 343,Animation,2010,177,272,1018,PG,8.0,Sony,27,3749,746,274.26
Movie 344,Horror,2022,91,135,337,NC-17,6.4,Warner Bros,22,2943,202,149.63
Movie 345,Comedy,2013,132,241,558,R,9.0,Paramount,18,870,317,131.54
Movie 346,Drama,2018,150,22,33,PG,4.3,Universal,3,1357,11,50.0
Movie 347,Action,2013,89,44,156,G,4.0,Fox,20,1290,112,254.55
Movie 348,Animation,2019,124,25,87,G,7.2,A24,27,1157,62,248.0
Movie 349,Drama,2012,96,229,403,G,5.5,Lionsgate,21,3889,174,75.98
Movie 350,Thriller,2018,105,286,841,NC-17,5.2,Disney,25,3283,555,194.06
Movie 351,Sci-Fi,2022,164,12,31,NC-17,5.6,Warner Bros,28,1892,19,158.33
Movie 352,Sci-Fi,2011,171,104,186,PG,5.3,Disney,15,883,82,78.85
Movie 353,Thriller,2013,141,244,964,R,4.2,Universal,15,2609,720,295.08
Movie 354,Documentary,2015,125,91,185,PG,8.9,A24,4,4377,94,103.3
Movie 355,Sci-Fi,2011,143,18,30,PG-13,5.1,Universal,29,3052,12,66.67
Movie 356,Action,2017,81,6,17,G,7.7,Sony,27,738,11,183.33
Movie 357,Action,2017,133,297,994,G,7.8,Lionsgate,9,694,697,234.68
Movie 358,Comedy,2010,144,45,71,G,8.6,Universal,27,3225,26,57.78
Movie 359,Romance,2021,130,115,361,PG,4.2,Disney,26,3793,246,213.91
Movie 360,Documentary,2012,132,18,50,PG,8.4,Paramount,19,2608,32,177.78
Movie 361,Animation,2019,115,235,413,G,6.6,Paramount,24,1652,178,75.74
Movie 362,Sci-Fi,2018,105,88,169,PG,7.2,Sony,28,3537,81,92.05
Movie 363,Action,2014,108,134,391,NC-17,7.2,Fox,17,3232,257,191.79
Movie 364,Thriller,2015,100,235,526,NC-17,8.1,Disney,11,2515,291,123.83
Movie 365,Sci-Fi,2013,90,149,573,PG,5.7,Disney,25,655,424,284.56
Movie 366,Romance,2019,119,32,113,G,7.7,Universal,9,4488,81,253.12
Movie 367,Thriller,2011,90,70,277,PG,6.6,Lionsgate,10,3949,207,295.71
Movie 368,Drama,2020,115,167,358,PG,8.0,Disney,18,4193,191,114.37
Movie 369,Drama,2017,138,233,914,PG,9.0,Warner Bros,20,4352,681,292.27
Movie 370,Sci-Fi,2020,118,265,683,PG-13,5.0,Fox,13,1422,418,157.74
Movie 371,Romance,2022,178,168,397,NC-17,9.0,Universal,8,3415,229,136.31
Movie 372,Documentary,2015,133,291,473,R,4.4,Warner Bros,7,3450,182,62.54
Movie 373,Sci-Fi,2014,177,14,22,R,4.0,Sony,17,4361,8,57.14
Movie 374,Action,2018,134,199,642,PG-13,4.2,Paramount,21,2109,443,222.61
Movie 375,Horror,2010,103,122,322,PG,5.7,Sony,23,3546,200,163.93
Movie 376,Sci-Fi,2014,101,274,566,PG-13,7.2,Paramount,15,4008,292,106.57
Movie 377,Sci-Fi,2015,148,84,254,PG-13,4.3,Sony,20,1474,170,202.38
Movie 378,Thriller,2014,135,97,206,G,4.0,Disney,15,1730,109,112.37
Movie 379,Horror,2015,112,270,794,NC-17,8.7,Warner Bros,1,2935,524,194.07
Movie 380,Action,2015,115,261,625,R,8.1,Paramount,25,4051,364,139.46
Movie 381,Sci-Fi,2016,99,137,487,PG,8.0,Universal,14,2314,350,255.47
Movie 382,Thriller,2013,162,280,994,R,8.4,Warner Bros,5,3434,714,255.0
Movie 383,Romance,2023,178,268,721,R,7.5,Universal,11,1337,453,169.03
Movie 384,Sci-Fi,2020,160,175,415,NC-17,4.5,Warner Bros,16,2507,240,137.14
Movie 385,Horror,2023,141,5,12,R,6.0,Warner Bros,2,1863,7,140.0
Movie 386,Comedy,2023,177,68,238,R,7.6,Sony,8,4440,170,250.0
Movie 387,Horror,2023,152,288,668,PG-13,5.4,Paramount,11,2887,380,131.94
Movie 388,Drama,2017,105,125,252,NC-17,7.4,Paramount,29,703,127,101.6
Movie 389,Action,2016,145,111,190,G,4.1,Lionsgate,18,660,79,71.17
Movie 390,Animation,2018,152,179,477,PG,5.5,Warner Bros,3,4111,298,166.48
Movie 391,Sci-Fi,2016,152,208,562,R,6.7,Disney,26,891,354,170.19
Movie 392,Horror,2012,119,169,608,PG,7.2,Disney,1,1268,439,259.76
Movie 393,Animation,2012,96,124,254,G,6.9,Universal,11,4248,130,104.84
Movie 394,Thriller,2017,80,48,117,PG,7.5,Universal,16,3122,69,143.75
Movie 395,Comedy,2014,168,160,563,G,4.0,Sony,18,3081,403,251.87
Movie 396,Action,2013,140,211,750,PG-13,4.5,Warner Bros,16,1593,539,255.45
Movie 397,Horror,2017,122,112,275,R,8.3,Universal,23,3440,163,145.54
Movie 398,Animation,2015,121,255,675,G,7.4,Universal,10,904,420,164.71
Movie 399,Comedy,2011,104,134,302,PG,4.6,Fox,18,1107,168,125.37
Movie 400,Drama,2013,118,297,1137,R,8.2,Warner Bros,6,4246,840,282.83
Movie 401,Action,2021,114,24,43,PG-13,5.2,A24,19,2114,19,79.17
Movie 402,Action,2020,82,286,1096,R,6.4,Sony,4,2040,810,283.22
Movie 403,Drama,2013,123,289,927,G,4.7,Universal,27,3375,638,220.76
Movie 404,Sci-Fi,2015,130,5,14,PG-13,7.6,Sony,13,3691,9,180.0
Movie 405,Drama,2015,173,123,194,PG,7.3,Paramount,24,2337,71,57.72
Movie 406,Action,2010,177,39,104,PG-13,5.1,Sony,14,1189,65,166.67
Movie 407,Action,2023,91,202,508,PG-13,8.3,A24,3,4259,306,151.49
Movie 408,Animation,2017,98,249,473,NC-17,6.0,Disney,10,3449,224,89.96
Movie 409,Comedy,2015,123,63,197,PG-13,5.5,A24,6,1740,134,212.7
Movie 410,Drama,2012,138,165,648,PG-13,4.8,Disney,1,2603,483,292.73
Movie 411,Comedy,2023,128,183,531,R,5.3,Sony,23,865,348,190.16
Movie 412,Drama,2018,140,210,690,PG,4.1,Disney,24,2222,480,228.57
Movie 413,Thriller,2011,96,16,26,R,6.9,Paramount,27,4075,10,62.5
Movie 414,Action,2020,153,280,712,R,8.2,Warner Bros,14,4315,432,154.29
Movie 415,Animation,2017,136,185,331,G,6.7,Disney,8,4338,146,78.92
Movie 416,Comedy,2019,134,246,745,R,5.1,Disney,19,4496,499,202.85
Movie 417,Drama,2012,126,220,846,NC-17,4.2,Sony,14,954,626,284.55
Movie 418,Documentary,2022,91,255,804,NC-17,5.1,Paramount,10,603,549,215.29
Movie 419,Thriller,2021,141,130,219,G,6.1,Lionsgate,17,576,89,68.46
Movie 420,Horror,2014,159,221,527,PG,7.8,Lionsgate,9,729,306,138.46
Movie 421,Sci-Fi,2015,167,289,831,PG,4.9,Lionsgate,29,2437,542,187.54
Movie 422,Comedy,2019,162,189,474,R,7.6,Lionsgate,6,3829,285,150.79
Movie 423,Animation,2015,87,43,154,R,8.3,Warner Bros,11,3835,111,258.14
Movie 424,Horror,2013,174,227,802,R,6.3,A24,25,2878,575,253.3
Movie 425,Documentary,2012,100,188,569,PG,8.1,Sony,7,1705,381,202.66
Movie 426,Sci-Fi,2013,160,182,442,PG-13,6.8,Sony,17,1392,260,142.86
Movie 427,Documentary,2010,166,298,637,NC-17,7.2,Fox,28,4339,339,113.76
Movie 428,Horror,2013,159,155,273,PG-13,6.6,Paramount,28,2073,118,76.13
Movie 429,Sci-Fi,2010,149,130,310,PG-13,6.3,Lionsgate,1,3235,180,138.46
Movie 430,Documentary,2021,151,238,602,PG,5.2,Warner Bros,22,2574,364,152.94
Movie 431,Animation,2010,104,12,38,PG-13,5.5,Paramount,5,3847,26,216.67
Movie 432,Drama,2019,161,133,418,G,5.4,Lionsgate,9,2175,285,214.29
Movie 433,Action,2023,168,268,448,R,6.8,Warner Bros,18,798,180,67.16
Movie 434,Drama,2015,91,161,400,G,4.6,Paramount,24,1456,239,148.45
Movie 435,Horror,2014,94,9,17,NC-17,8.6,Sony,27,3346,8,88.89
Movie 436,Comedy,2023,138,90,170,R,7.6,Sony,21,1614,80,88.89
Movie 437,Action,2020,105,179,638,PG-13,6.0,A24,2,3027,459,256.42
Movie 438,Thriller,2013,105,294,471,NC-17,4.8,Universal,29,3120,177,60.2
Movie 439,Animation,2022,126,197,501,R,8.4,A24,26,3005,304,154.31
Movie 440,Thriller,2020,111,123,236,PG-13,8.1,Disney,11,1974,113,91.87
Movie 441,Sci-Fi,2012,89,222,821,G,7.6,A24,27,864,599,269.82
Movie 442,Action,2010,95,118,341,R,5.4,Lionsgate,28,3406,223,188.98
Movie 443,Thriller,2015,150,149,309,PG-13,6.0,Fox,6,2198,160,107.38
Movie 444,Thriller,2011,96,30,82,G,4.5,Paramount,26,850,52,173.33
Movie 445,Documentary,2017,102,140,466,NC-17,4.9,Fox,8,4226,326,232.86
Movie 446,Drama,2019,105,236,919,NC-17,7.9,Universal,4,3971,683,289.41
Movie 447,Documentary,2014,164,80,164,NC-17,7.6,Disney,18,2800,84,105.0
Movie 448,Action,2016,165,293,1088,NC-17,7.0,Paramount,28,3328,795,271.33
Movie 449,Action,2019,86,5,19,PG,8.5,Warner Bros,11,2404,14,280.0
Movie 450,Horror,2021,93,151,572,R,6.9,Lionsgate,5,3350,421,278.81
Movie 451,Documentary,2011,158,291,898,R,6.3,Disney,15,1511,607,208.59
Movie 452,Romance,2022,86,146,448,PG,5.7,Sony,28,3006,302,206.85
Movie 453,Drama,2017,88,57,142,PG-13,8.7,Universal,18,4270,85,149.12
Movie 454,Action,2011,127,73,246,PG-13,4.4,Disney,2,3464,173,236.99
Movie 455,Horror,2013,151,94,265,NC-17,8.7,Lionsgate,22,998,171,181.91
Movie 456,Documentary,2010,138,224,715,G,8.1,A24,11,1449,491,219.2
Movie 457,Drama,2014,166,196,503,PG-13,4.6,Disney,26,2494,307,156.63
Movie 458,Documentary,2018,172,67,223,G,6.8,A24,25,4497,156,232.84
Movie 459,Thriller,2010,161,77,274,R,8.3,Lionsgate,13,2546,197,255.84
Movie 460,Horror,2018,174,165,307,G,6.9,Sony,4,1007,142,86.06
Movie 461,Drama,2020,173,173,619,R,8.5,Paramount,22,1827,446,257.8
Movie 462,Sci-Fi,2017,118,93,265,PG,8.7,Warner Bros,7,3048,172,184.95
Movie 463,Sci-Fi,2015,178,180,650,PG,6.1,Sony,29,3350,470,261.11
Movie 464,Drama,2016,97,273,703,NC-17,5.9,A24,11,3145,430,157.51
Movie 465,Documentary,2012,138,77,188,PG-13,8.7,A24,22,665,111,144.16
Movie 466,Horror,2023,96,249,943,NC-17,7.4,Warner Bros,24,3986,694,278.71
Movie 467,Sci-Fi,2010,93,81,172,R,4.6,Paramount,4,3009,91,112.35
Movie 468,Horror,2014,110,163,588,NC-17,4.2,Disney,28,1419,425,260.74
Movie 469,Sci-Fi,2023,103,102,276,G,6.8,Warner Bros,15,613,174,170.59
Movie 470,Thriller,2021,178,106,295,R,8.7,Universal,1,4004,189,178.3
Movie 471,Documentary,2021,139,136,308,PG,8.2,Universal,23,1491,172,126.47
Movie 472,Thriller,2011,124,106,310,PG-13,7.4,Lionsgate,3,3927,204,192.45
Movie 473,Sci-Fi,2023,177,23,53,R,4.7,Sony,14,2451,30,130.43
Movie 474,Thriller,2014,82,86,137,R,5.3,A24,6,4266,51,59.3
Movie 475,Sci-Fi,2017,116,283,616,G,8.4,Paramount,18,2754,333,117.67
Movie 476,Drama,2020,122,133,201,PG-13,4.9,Lionsgate,25,4339,68,51.13
Movie 477,Thriller,2018,119,93,366,PG,5.4,Sony,1,1758,273,293.55
Movie 478,Comedy,2011,169,217,849,R,4.6,Sony,6,4013,632,291.24
Movie 479,Documentary,2021,134,147,365,R,7.4,Lionsgate,6,3926,218,148.3
Movie 480,Action,2012,166,69,229,G,8.7,Fox,21,1014,160,231.88
Movie 481,Romance,2012,118,80,189,NC-17,5.3,Sony,16,1731,109,136.25
Movie 482,Thriller,2010,94,203,645,PG,6.4,Fox,29,1208,442,217.73
Movie 483,Animation,2017,83,147,516,PG-13,7.2,Universal,5,4424,369,251.02
Movie 484,Documentary,2015,172,97,375,R,9.0,Universal,17,3696,278,286.6
Movie 485,Comedy,2021,165,228,570,R,4.5,Sony,10,2685,342,150.0
Movie 486,Comedy,2022,104,295,1020,PG,6.5,Universal,28,838,725,245.76
Movie 487,Sci-Fi,2017,92,106,229,NC-17,5.9,Paramount,21,3084,123,116.04
Movie 488,Sci-Fi,2020,161,271,1077,R,8.3,Fox,18,567,806,297.42
Movie 489,Romance,2018,112,114,178,PG,6.4,Fox,7,2096,64,56.14
Movie 490,Drama,2014,95,269,809,G,4.6,Sony,3,2064,540,200.74
Movie 491,Animation,2023,121,7,22,NC-17,7.2,Universal,13,882,15,214.29
Movie 492,Action,2021,145,89,286,PG-13,7.9,Warner Bros,15,518,197,221.35
Movie 493,Romance,2023,134,286,515,R,4.0,A24,20,3230,229,80.07
Movie 494,Horror,2012,178,121,465,PG,8.3,Lionsgate,19,4021,344,284.3
Movie 495,Action,2014,121,225,439,G,4.9,Lionsgate,3,2621,214,95.11
Movie 496,Thriller,2014,113,158,482,PG-13,6.8,Fox,4,1072,324,205.06
Movie 497,Documentary,2014,109,157,322,PG,6.1,Sony,5,3486,165,105.1
Movie 498,Horror,2012,92,16,36,PG,7.6,Sony,1,4236,20,125.0
Movie 499,Horror,2020,92,137,392,PG-13,5.9,Paramount,4,1799,255,186.13
Movie 500,Romance,2023,97,297,755,G,8.3,Disney,12,3619,458,154.21
